{"cameraMode":{"drawMode":0,"name":"Shaded","section":"Shading Mode"},"sceneLighting":true,"audioPlay":false,"sceneViewState":{"showFog":true,"showMaterialUpdate":false,"showSkybox":true,"showFlares":true,"showImageEffects":true,"showParticleSystems":true},"in2DMode":false,"pivot":{"x":-68.685546875,"y":23.90087890625,"z":-359.04296875},"rotation":{"x":0.02625933662056923,"y":0.10178845375776291,"z":-0.0026704028714448215,"w":0.994455873966217},"size":24.680866241455079,"orthographic":true}